{"loc": [0, 2, -7], "rotate": [2.476878059869194, 1.5578842482655788, 0.6248727784566915], "name": "1bxn"}