{"loc": [6, -1, 0], "rotate": [2.1222668287666306, 0.5583149003649913, 0.19902974468671877], "name": "1bxn"}